pri_index_name,file1,file2,Sample,RunID,Project,SampleType,primerF_seq,primerR_seq,sec_index_seq,Ns,locus
PCR4,PCR4_S6_L001_R1_001.fastq.gz,PCR4_S6_L001_R2_001.fastq.gz,V016_rep1,Porcupine24,Nicaragua,eDNA,GGWACWGGWTGAACWGTWTAYCCYCC,TANACYTCNGGRTGNCCRAARAAYCA,NNNNACACACAC,4,COI
PCR4,PCR4_S6_L001_R1_001.fastq.gz,PCR4_S6_L001_R2_001.fastq.gz,V016_rep2,Porcupine24,Nicaragua,eDNA,GGWACWGGWTGAACWGTWTAYCCYCC,TANACYTCNGGRTGNCCRAARAAYCA,NNNACACAGCA,3,COI
PCR4,PCR4_S6_L001_R1_001.fastq.gz,PCR4_S6_L001_R2_001.fastq.gz,V016_rep3,Porcupine24,Nicaragua,eDNA,GGWACWGGWTGAACWGTWTAYCCYCC,TANACYTCNGGRTGNCCRAARAAYCA,NNAGCGCTCG,2,COI
PCR4,PCR4_S6_L001_R1_001.fastq.gz,PCR4_S6_L001_R2_001.fastq.gz,V019_rep1,Porcupine24,Nicaragua,eDNA,GGWACWGGWTGAACWGTWTAYCCYCC,TANACYTCNGGRTGNCCRAARAAYCA,NNNNATGTCTGC,4,COI
PCR4,PCR4_S6_L001_R1_001.fastq.gz,PCR4_S6_L001_R2_001.fastq.gz,V019_rep2,Porcupine24,Nicaragua,eDNA,GGWACWGGWTGAACWGTWTAYCCYCC,TANACYTCNGGRTGNCCRAARAAYCA,NNNGTGCAGAC,3,COI
PCR4,PCR4_S6_L001_R1_001.fastq.gz,PCR4_S6_L001_R2_001.fastq.gz,V019_rep3,Porcupine24,Nicaragua,eDNA,GGWACWGGWTGAACWGTWTAYCCYCC,TANACYTCNGGRTGNCCRAARAAYCA,NNTAGCAGTG,2,COI
PCR4,PCR4_S6_L001_R1_001.fastq.gz,PCR4_S6_L001_R2_001.fastq.gz,V020_rep1,Porcupine24,Nicaragua,eDNA,GGWACWGGWTGAACWGTWTAYCCYCC,TANACYTCNGGRTGNCCRAARAAYCA,NNNNTCATATAC,4,COI
PCR4,PCR4_S6_L001_R1_001.fastq.gz,PCR4_S6_L001_R2_001.fastq.gz,V020_rep2,Porcupine24,Nicaragua,eDNA,GGWACWGGWTGAACWGTWTAYCCYCC,TANACYTCNGGRTGNCCRAARAAYCA,NNNGCGTCAGA,3,COI
PCR4,PCR4_S6_L001_R1_001.fastq.gz,PCR4_S6_L001_R2_001.fastq.gz,V020_rep3,Porcupine24,Nicaragua,eDNA,GGWACWGGWTGAACWGTWTAYCCYCC,TANACYTCNGGRTGNCCRAARAAYCA,NNGACACACG,2,COI
PCR4,PCR4_S6_L001_R1_001.fastq.gz,PCR4_S6_L001_R2_001.fastq.gz,V037_rep1,Porcupine24,Nicaragua,eDNA,GGWACWGGWTGAACWGTWTAYCCYCC,TANACYTCNGGRTGNCCRAARAAYCA,NNNNGACAGAGC,4,COI
PCR4,PCR4_S6_L001_R1_001.fastq.gz,PCR4_S6_L001_R2_001.fastq.gz,V037_rep2,Porcupine24,Nicaragua,eDNA,GGWACWGGWTGAACWGTWTAYCCYCC,TANACYTCNGGRTGNCCRAARAAYCA,NNNTCATCTGA,3,COI
PCR4,PCR4_S6_L001_R1_001.fastq.gz,PCR4_S6_L001_R2_001.fastq.gz,V037_rep3,Porcupine24,Nicaragua,eDNA,GGWACWGGWTGAACWGTWTAYCCYCC,TANACYTCNGGRTGNCCRAARAAYCA,NNTGTAGACT,2,COI
PCR4,PCR4_S6_L001_R1_001.fastq.gz,PCR4_S6_L001_R2_001.fastq.gz,V047_rep1,Porcupine24,Nicaragua,eDNA,GGWACWGGWTGAACWGTWTAYCCYCC,TANACYTCNGGRTGNCCRAARAAYCA,NNNNGTACTAGT,4,COI
PCR4,PCR4_S6_L001_R1_001.fastq.gz,PCR4_S6_L001_R2_001.fastq.gz,V047_rep2,Porcupine24,Nicaragua,eDNA,GGWACWGGWTGAACWGTWTAYCCYCC,TANACYTCNGGRTGNCCRAARAAYCA,NNNGACATATA,3,COI
PCR4,PCR4_S6_L001_R1_001.fastq.gz,PCR4_S6_L001_R2_001.fastq.gz,V047_rep3,Porcupine24,Nicaragua,eDNA,GGWACWGGWTGAACWGTWTAYCCYCC,TANACYTCNGGRTGNCCRAARAAYCA,NNACAGTCGT,2,COI
PCR4,PCR4_S6_L001_R1_001.fastq.gz,PCR4_S6_L001_R2_001.fastq.gz,V073_rep1,Porcupine24,Nicaragua,eDNA,GGWACWGGWTGAACWGTWTAYCCYCC,TANACYTCNGGRTGNCCRAARAAYCA,NNNNTCGACTCT,4,COI
PCR4,PCR4_S6_L001_R1_001.fastq.gz,PCR4_S6_L001_R2_001.fastq.gz,V073_rep2,Porcupine24,Nicaragua,eDNA,GGWACWGGWTGAACWGTWTAYCCYCC,TANACYTCNGGRTGNCCRAARAAYCA,NNNGTGTCGTC,3,COI
PCR4,PCR4_S6_L001_R1_001.fastq.gz,PCR4_S6_L001_R2_001.fastq.gz,V073_rep3,Porcupine24,Nicaragua,eDNA,GGWACWGGWTGAACWGTWTAYCCYCC,TANACYTCNGGRTGNCCRAARAAYCA,NNTGTCACAC,2,COI
PCR4,PCR4_S6_L001_R1_001.fastq.gz,PCR4_S6_L001_R2_001.fastq.gz,V089_rep1,Porcupine24,Nicaragua,eDNA,GGWACWGGWTGAACWGTWTAYCCYCC,TANACYTCNGGRTGNCCRAARAAYCA,NNNNGCGTATGT,4,COI
PCR4,PCR4_S6_L001_R1_001.fastq.gz,PCR4_S6_L001_R2_001.fastq.gz,V089_rep2,Porcupine24,Nicaragua,eDNA,GGWACWGGWTGAACWGTWTAYCCYCC,TANACYTCNGGRTGNCCRAARAAYCA,NNNACGACACG,3,COI
PCR4,PCR4_S6_L001_R1_001.fastq.gz,PCR4_S6_L001_R2_001.fastq.gz,V089_rep3,Porcupine24,Nicaragua,eDNA,GGWACWGGWTGAACWGTWTAYCCYCC,TANACYTCNGGRTGNCCRAARAAYCA,NNGACGCTAG,2,COI
PCR4,PCR4_S6_L001_R1_001.fastq.gz,PCR4_S6_L001_R2_001.fastq.gz,V095_rep1,Porcupine24,Nicaragua,eDNA,GGWACWGGWTGAACWGTWTAYCCYCC,TANACYTCNGGRTGNCCRAARAAYCA,NNNNTGTCTATC,4,COI
PCR4,PCR4_S6_L001_R1_001.fastq.gz,PCR4_S6_L001_R2_001.fastq.gz,V095_rep2,Porcupine24,Nicaragua,eDNA,GGWACWGGWTGAACWGTWTAYCCYCC,TANACYTCNGGRTGNCCRAARAAYCA,NNNGACGTCTG,3,COI
PCR4,PCR4_S6_L001_R1_001.fastq.gz,PCR4_S6_L001_R2_001.fastq.gz,V095_rep3,Porcupine24,Nicaragua,eDNA,GGWACWGGWTGAACWGTWTAYCCYCC,TANACYTCNGGRTGNCCRAARAAYCA,NNAGTCAGAT,2,COI
PCR6,PCR6_S7_L001_R1_001.fastq.gz,PCR6_S7_L001_R2_001.fastq.gz,SA64-1FSA_rep1,Porcupine24,Nicaragua,FreshWaterSponge,GGWACWGGWTGAACWGTWTAYCCYCC,TANACYTCNGGRTGNCCRAARAAYCA,NNNNGACACGAC,4,COI
PCR6,PCR6_S7_L001_R1_001.fastq.gz,PCR6_S7_L001_R2_001.fastq.gz,SA64-1FSA_rep2,Porcupine24,Nicaragua,FreshWaterSponge,GGWACWGGWTGAACWGTWTAYCCYCC,TANACYTCNGGRTGNCCRAARAAYCA,NNNTGTACAGC,3,COI
PCR6,PCR6_S7_L001_R1_001.fastq.gz,PCR6_S7_L001_R2_001.fastq.gz,SA64-1FSA_rep3,Porcupine24,Nicaragua,FreshWaterSponge,GGWACWGGWTGAACWGTWTAYCCYCC,TANACYTCNGGRTGNCCRAARAAYCA,NNTCAGTATA,2,COI
PCR6,PCR6_S7_L001_R1_001.fastq.gz,PCR6_S7_L001_R2_001.fastq.gz,SA64-2FSA_rep1,Porcupine24,Nicaragua,FreshWaterSponge,GGWACWGGWTGAACWGTWTAYCCYCC,TANACYTCNGGRTGNCCRAARAAYCA,NNNNTCAGTCAC,4,COI
PCR6,PCR6_S7_L001_R1_001.fastq.gz,PCR6_S7_L001_R2_001.fastq.gz,SA64-2FSA_rep2,Porcupine24,Nicaragua,FreshWaterSponge,GGWACWGGWTGAACWGTWTAYCCYCC,TANACYTCNGGRTGNCCRAARAAYCA,NNNACAGCTAT,3,COI
PCR6,PCR6_S7_L001_R1_001.fastq.gz,PCR6_S7_L001_R2_001.fastq.gz,SA64-2FSA_rep3,Porcupine24,Nicaragua,FreshWaterSponge,GGWACWGGWTGAACWGTWTAYCCYCC,TANACYTCNGGRTGNCCRAARAAYCA,NNTGTAGCTA,2,COI
PCR6,PCR6_S7_L001_R1_001.fastq.gz,PCR6_S7_L001_R2_001.fastq.gz,SA64-3FSA_rep1,Porcupine24,Nicaragua,FreshWaterSponge,GGWACWGGWTGAACWGTWTAYCCYCC,TANACYTCNGGRTGNCCRAARAAYCA,NNNNGTGTCACT,4,COI
PCR6,PCR6_S7_L001_R1_001.fastq.gz,PCR6_S7_L001_R2_001.fastq.gz,SA64-3FSA_rep2,Porcupine24,Nicaragua,FreshWaterSponge,GGWACWGGWTGAACWGTWTAYCCYCC,TANACYTCNGGRTGNCCRAARAAYCA,NNNTGTATCGT,3,COI
PCR6,PCR6_S7_L001_R1_001.fastq.gz,PCR6_S7_L001_R2_001.fastq.gz,SA64-3FSA_rep3,Porcupine24,Nicaragua,FreshWaterSponge,GGWACWGGWTGAACWGTWTAYCCYCC,TANACYTCNGGRTGNCCRAARAAYCA,NNTAGCGATA,2,COI
PCR6,PCR6_S7_L001_R1_001.fastq.gz,PCR6_S7_L001_R2_001.fastq.gz,SA64-4FSA_rep1,Porcupine24,Nicaragua,FreshWaterSponge,GGWACWGGWTGAACWGTWTAYCCYCC,TANACYTCNGGRTGNCCRAARAAYCA,NNNNACATCAGT,4,COI
PCR6,PCR6_S7_L001_R1_001.fastq.gz,PCR6_S7_L001_R2_001.fastq.gz,SA64-4FSA_rep2,Porcupine24,Nicaragua,FreshWaterSponge,GGWACWGGWTGAACWGTWTAYCCYCC,TANACYTCNGGRTGNCCRAARAAYCA,NNNGTGTGAGC,3,COI
PCR6,PCR6_S7_L001_R1_001.fastq.gz,PCR6_S7_L001_R2_001.fastq.gz,SA64-4FSA_rep3,Porcupine24,Nicaragua,FreshWaterSponge,GGWACWGGWTGAACWGTWTAYCCYCC,TANACYTCNGGRTGNCCRAARAAYCA,NNTGTCAGTA,2,COI
PCR6,PCR6_S7_L001_R1_001.fastq.gz,PCR6_S7_L001_R2_001.fastq.gz,SA64-5FSA_rep1,Porcupine24,Nicaragua,FreshWaterSponge,GGWACWGGWTGAACWGTWTAYCCYCC,TANACYTCNGGRTGNCCRAARAAYCA,NNNNTACACGCT,4,COI
PCR6,PCR6_S7_L001_R1_001.fastq.gz,PCR6_S7_L001_R2_001.fastq.gz,SA64-5FSA_rep2,Porcupine24,Nicaragua,FreshWaterSponge,GGWACWGGWTGAACWGTWTAYCCYCC,TANACYTCNGGRTGNCCRAARAAYCA,NNNAGTATGTC,3,COI
PCR6,PCR6_S7_L001_R1_001.fastq.gz,PCR6_S7_L001_R2_001.fastq.gz,SA64-5FSA_rep3,Porcupine24,Nicaragua,FreshWaterSponge,GGWACWGGWTGAACWGTWTAYCCYCC,TANACYTCNGGRTGNCCRAARAAYCA,NNTCAGCTCG,2,COI
PCR6,PCR6_S7_L001_R1_001.fastq.gz,PCR6_S7_L001_R2_001.fastq.gz,SA64-6FSA_rep1,Porcupine24,Nicaragua,FreshWaterSponge,GGWACWGGWTGAACWGTWTAYCCYCC,TANACYTCNGGRTGNCCRAARAAYCA,NNNNTACAGTAC,4,COI
PCR6,PCR6_S7_L001_R1_001.fastq.gz,PCR6_S7_L001_R2_001.fastq.gz,SA64-6FSA_rep2,Porcupine24,Nicaragua,FreshWaterSponge,GGWACWGGWTGAACWGTWTAYCCYCC,TANACYTCNGGRTGNCCRAARAAYCA,NNNACGACTGA,3,COI
PCR6,PCR6_S7_L001_R1_001.fastq.gz,PCR6_S7_L001_R2_001.fastq.gz,SA64-6FSA_rep3,Porcupine24,Nicaragua,FreshWaterSponge,GGWACWGGWTGAACWGTWTAYCCYCC,TANACYTCNGGRTGNCCRAARAAYCA,NNAGTCGATA,2,COI
PCR7,PCR7_S2_L001_R1_001.fastq.gz,PCR7_S2_L001_R2_001.fastq.gz,ctrl+_rep7,Porcupine24,Nicaragua,ctrl+,GGWACWGGWTGAACWGTWTAYCCYCC,TANACYTCNGGRTGNCCRAARAAYCA,NNACGAGCAT,2,COI
PCR7,PCR7_S2_L001_R1_001.fastq.gz,PCR7_S2_L001_R2_001.fastq.gz,Xi_rep1,Porcupine24,Nicaragua,eDNA,GGWACWGGWTGAACWGTWTAYCCYCC,TANACYTCNGGRTGNCCRAARAAYCA,NNNNGTACTAGT,4,COI
PCR7,PCR7_S2_L001_R1_001.fastq.gz,PCR7_S2_L001_R2_001.fastq.gz,Xi_rep2,Porcupine24,Nicaragua,eDNA,GGWACWGGWTGAACWGTWTAYCCYCC,TANACYTCNGGRTGNCCRAARAAYCA,NNNGACATATA,3,COI
PCR7,PCR7_S2_L001_R1_001.fastq.gz,PCR7_S2_L001_R2_001.fastq.gz,Xi_rep3,Porcupine24,Nicaragua,eDNA,GGWACWGGWTGAACWGTWTAYCCYCC,TANACYTCNGGRTGNCCRAARAAYCA,NNACAGTCGT,2,COI
PCR7,PCR7_S2_L001_R1_001.fastq.gz,PCR7_S2_L001_R2_001.fastq.gz,Ma2s_rep1,Porcupine24,Nicaragua,eDNA,GGWACWGGWTGAACWGTWTAYCCYCC,TANACYTCNGGRTGNCCRAARAAYCA,NNNNTCGACTCT,4,COI
PCR7,PCR7_S2_L001_R1_001.fastq.gz,PCR7_S2_L001_R2_001.fastq.gz,Ma2s_rep2,Porcupine24,Nicaragua,eDNA,GGWACWGGWTGAACWGTWTAYCCYCC,TANACYTCNGGRTGNCCRAARAAYCA,NNNGTGTCGTC,3,COI
PCR7,PCR7_S2_L001_R1_001.fastq.gz,PCR7_S2_L001_R2_001.fastq.gz,Ma2s_rep3,Porcupine24,Nicaragua,eDNA,GGWACWGGWTGAACWGTWTAYCCYCC,TANACYTCNGGRTGNCCRAARAAYCA,NNTGTCACAC,2,COI
PCR7,PCR7_S2_L001_R1_001.fastq.gz,PCR7_S2_L001_R2_001.fastq.gz,A2_rep1,Porcupine24,Nicaragua,eDNA,GGWACWGGWTGAACWGTWTAYCCYCC,TANACYTCNGGRTGNCCRAARAAYCA,NNNNGCGTATGT,4,COI
PCR7,PCR7_S2_L001_R1_001.fastq.gz,PCR7_S2_L001_R2_001.fastq.gz,A2_rep2,Porcupine24,Nicaragua,eDNA,GGWACWGGWTGAACWGTWTAYCCYCC,TANACYTCNGGRTGNCCRAARAAYCA,NNNACGACACG,3,COI
PCR7,PCR7_S2_L001_R1_001.fastq.gz,PCR7_S2_L001_R2_001.fastq.gz,A2_rep3,Porcupine24,Nicaragua,eDNA,GGWACWGGWTGAACWGTWTAYCCYCC,TANACYTCNGGRTGNCCRAARAAYCA,NNGACGCTAG,2,COI
PCR7,PCR7_S2_L001_R1_001.fastq.gz,PCR7_S2_L001_R2_001.fastq.gz,Ni5_rep1,Porcupine24,Nicaragua,eDNA,GGWACWGGWTGAACWGTWTAYCCYCC,TANACYTCNGGRTGNCCRAARAAYCA,NNNNTGTCTATC,4,COI
PCR7,PCR7_S2_L001_R1_001.fastq.gz,PCR7_S2_L001_R2_001.fastq.gz,Ni5_rep2,Porcupine24,Nicaragua,eDNA,GGWACWGGWTGAACWGTWTAYCCYCC,TANACYTCNGGRTGNCCRAARAAYCA,NNNGACGTCTG,3,COI
PCR7,PCR7_S2_L001_R1_001.fastq.gz,PCR7_S2_L001_R2_001.fastq.gz,Ni5_rep3,Porcupine24,Nicaragua,eDNA,GGWACWGGWTGAACWGTWTAYCCYCC,TANACYTCNGGRTGNCCRAARAAYCA,NNAGTCAGAT,2,COI
PCR7,PCR7_S2_L001_R1_001.fastq.gz,PCR7_S2_L001_R2_001.fastq.gz,AL6_rep1,Porcupine24,Nicaragua,eDNA,GGWACWGGWTGAACWGTWTAYCCYCC,TANACYTCNGGRTGNCCRAARAAYCA,NNNNGCGACGTG,4,COI
PCR7,PCR7_S2_L001_R1_001.fastq.gz,PCR7_S2_L001_R2_001.fastq.gz,AL6_rep2,Porcupine24,Nicaragua,eDNA,GGWACWGGWTGAACWGTWTAYCCYCC,TANACYTCNGGRTGNCCRAARAAYCA,NNNAGCGAGTC,3,COI
PCR7,PCR7_S2_L001_R1_001.fastq.gz,PCR7_S2_L001_R2_001.fastq.gz,AL6_rep3,Porcupine24,Nicaragua,eDNA,GGWACWGGWTGAACWGTWTAYCCYCC,TANACYTCNGGRTGNCCRAARAAYCA,NNATGTCGAG,2,COI
PCR7,PCR7_S2_L001_R1_001.fastq.gz,PCR7_S2_L001_R2_001.fastq.gz,2F101A_rep1,Porcupine24,Nicaragua,eDNA,GGWACWGGWTGAACWGTWTAYCCYCC,TANACYTCNGGRTGNCCRAARAAYCA,NNNNGCGAGTAG,4,COI
PCR7,PCR7_S2_L001_R1_001.fastq.gz,PCR7_S2_L001_R2_001.fastq.gz,2F101A_rep2,Porcupine24,Nicaragua,eDNA,GGWACWGGWTGAACWGTWTAYCCYCC,TANACYTCNGGRTGNCCRAARAAYCA,NNNACACTAGC,3,COI
PCR7,PCR7_S2_L001_R1_001.fastq.gz,PCR7_S2_L001_R2_001.fastq.gz,2F101A_rep3,Porcupine24,Nicaragua,eDNA,GGWACWGGWTGAACWGTWTAYCCYCC,TANACYTCNGGRTGNCCRAARAAYCA,NNTCATACGT,2,COI
PCR7,PCR7_S2_L001_R1_001.fastq.gz,PCR7_S2_L001_R2_001.fastq.gz,21F103A_rep1,Porcupine24,Nicaragua,eDNA,GGWACWGGWTGAACWGTWTAYCCYCC,TANACYTCNGGRTGNCCRAARAAYCA,NNNNGACAGCAG,4,COI
PCR7,PCR7_S2_L001_R1_001.fastq.gz,PCR7_S2_L001_R2_001.fastq.gz,21F103A_rep2,Porcupine24,Nicaragua,eDNA,GGWACWGGWTGAACWGTWTAYCCYCC,TANACYTCNGGRTGNCCRAARAAYCA,NNNACAGCGTC,3,COI
PCR7,PCR7_S2_L001_R1_001.fastq.gz,PCR7_S2_L001_R2_001.fastq.gz,21F103A_rep3,Porcupine24,Nicaragua,eDNA,GGWACWGGWTGAACWGTWTAYCCYCC,TANACYTCNGGRTGNCCRAARAAYCA,NNAGCTGACG,2,COI
PCR7,PCR7_S2_L001_R1_001.fastq.gz,PCR7_S2_L001_R2_001.fastq.gz,21F103B_rep1,Porcupine24,Nicaragua,eDNA,GGWACWGGWTGAACWGTWTAYCCYCC,TANACYTCNGGRTGNCCRAARAAYCA,NNNNGACATCGT,4,COI
PCR7,PCR7_S2_L001_R1_001.fastq.gz,PCR7_S2_L001_R2_001.fastq.gz,21F103B_rep2,Porcupine24,Nicaragua,eDNA,GGWACWGGWTGAACWGTWTAYCCYCC,TANACYTCNGGRTGNCCRAARAAYCA,NNNGTGCACTA,3,COI
PCR7,PCR7_S2_L001_R1_001.fastq.gz,PCR7_S2_L001_R2_001.fastq.gz,21F103B_rep3,Porcupine24,Nicaragua,eDNA,GGWACWGGWTGAACWGTWTAYCCYCC,TANACYTCNGGRTGNCCRAARAAYCA,NNATCGCAGT,2,COI
PCR7,PCR7_S2_L001_R1_001.fastq.gz,PCR7_S2_L001_R2_001.fastq.gz,21F105A_rep1,Porcupine24,Nicaragua,eDNA,GGWACWGGWTGAACWGTWTAYCCYCC,TANACYTCNGGRTGNCCRAARAAYCA,NNNNACGACGAC,4,COI
PCR7,PCR7_S2_L001_R1_001.fastq.gz,PCR7_S2_L001_R2_001.fastq.gz,21F105A_rep2,Porcupine24,Nicaragua,eDNA,GGWACWGGWTGAACWGTWTAYCCYCC,TANACYTCNGGRTGNCCRAARAAYCA,NNNGACTACGA,3,COI
PCR7,PCR7_S2_L001_R1_001.fastq.gz,PCR7_S2_L001_R2_001.fastq.gz,21F105A_rep3,Porcupine24,Nicaragua,eDNA,GGWACWGGWTGAACWGTWTAYCCYCC,TANACYTCNGGRTGNCCRAARAAYCA,NNAGTCATCG,2,COI
PCR7,PCR7_S2_L001_R1_001.fastq.gz,PCR7_S2_L001_R2_001.fastq.gz,21F107B_rep1,Porcupine24,Nicaragua,eDNA,GGWACWGGWTGAACWGTWTAYCCYCC,TANACYTCNGGRTGNCCRAARAAYCA,NNNNACACATGT,4,COI
PCR7,PCR7_S2_L001_R1_001.fastq.gz,PCR7_S2_L001_R2_001.fastq.gz,21F107B_rep2,Porcupine24,Nicaragua,eDNA,GGWACWGGWTGAACWGTWTAYCCYCC,TANACYTCNGGRTGNCCRAARAAYCA,NNNACACGACG,3,COI
PCR7,PCR7_S2_L001_R1_001.fastq.gz,PCR7_S2_L001_R2_001.fastq.gz,21F107B_rep3,Porcupine24,Nicaragua,eDNA,GGWACWGGWTGAACWGTWTAYCCYCC,TANACYTCNGGRTGNCCRAARAAYCA,NNTGCTCGAT,2,COI
PCR7,PCR7_S2_L001_R1_001.fastq.gz,PCR7_S2_L001_R2_001.fastq.gz,21F108A_rep1,Porcupine24,Nicaragua,eDNA,GGWACWGGWTGAACWGTWTAYCCYCC,TANACYTCNGGRTGNCCRAARAAYCA,NNNNTGCTGCAC,4,COI
PCR7,PCR7_S2_L001_R1_001.fastq.gz,PCR7_S2_L001_R2_001.fastq.gz,21F108A_rep2,Porcupine24,Nicaragua,eDNA,GGWACWGGWTGAACWGTWTAYCCYCC,TANACYTCNGGRTGNCCRAARAAYCA,NNNGTGCGACG,3,COI
PCR7,PCR7_S2_L001_R1_001.fastq.gz,PCR7_S2_L001_R2_001.fastq.gz,21F108A_rep3,Porcupine24,Nicaragua,eDNA,GGWACWGGWTGAACWGTWTAYCCYCC,TANACYTCNGGRTGNCCRAARAAYCA,NNTGCTCAGA,2,COI
PCR7,PCR7_S2_L001_R1_001.fastq.gz,PCR7_S2_L001_R2_001.fastq.gz,21F108B_rep1,Porcupine24,Nicaragua,eDNA,GGWACWGGWTGAACWGTWTAYCCYCC,TANACYTCNGGRTGNCCRAARAAYCA,NNNNGACACGAC,4,COI
PCR7,PCR7_S2_L001_R1_001.fastq.gz,PCR7_S2_L001_R2_001.fastq.gz,21F108B_rep2,Porcupine24,Nicaragua,eDNA,GGWACWGGWTGAACWGTWTAYCCYCC,TANACYTCNGGRTGNCCRAARAAYCA,NNNTGTACAGC,3,COI
PCR7,PCR7_S2_L001_R1_001.fastq.gz,PCR7_S2_L001_R2_001.fastq.gz,21F108B_rep3,Porcupine24,Nicaragua,eDNA,GGWACWGGWTGAACWGTWTAYCCYCC,TANACYTCNGGRTGNCCRAARAAYCA,NNTCAGTATA,2,COI
PCR7,PCR7_S2_L001_R1_001.fastq.gz,PCR7_S2_L001_R2_001.fastq.gz,21F109A_rep1,Porcupine24,Nicaragua,eDNA,GGWACWGGWTGAACWGTWTAYCCYCC,TANACYTCNGGRTGNCCRAARAAYCA,NNNNTCAGTCAC,4,COI
PCR7,PCR7_S2_L001_R1_001.fastq.gz,PCR7_S2_L001_R2_001.fastq.gz,21F109A_rep2,Porcupine24,Nicaragua,eDNA,GGWACWGGWTGAACWGTWTAYCCYCC,TANACYTCNGGRTGNCCRAARAAYCA,NNNACAGCTAT,3,COI
PCR7,PCR7_S2_L001_R1_001.fastq.gz,PCR7_S2_L001_R2_001.fastq.gz,21F109A_rep3,Porcupine24,Nicaragua,eDNA,GGWACWGGWTGAACWGTWTAYCCYCC,TANACYTCNGGRTGNCCRAARAAYCA,NNTGTAGCTA,2,COI
PCR7,PCR7_S2_L001_R1_001.fastq.gz,PCR7_S2_L001_R2_001.fastq.gz,21F109B_rep1,Porcupine24,Nicaragua,eDNA,GGWACWGGWTGAACWGTWTAYCCYCC,TANACYTCNGGRTGNCCRAARAAYCA,NNNNGTGTCACT,4,COI
PCR7,PCR7_S2_L001_R1_001.fastq.gz,PCR7_S2_L001_R2_001.fastq.gz,21F109B_rep2,Porcupine24,Nicaragua,eDNA,GGWACWGGWTGAACWGTWTAYCCYCC,TANACYTCNGGRTGNCCRAARAAYCA,NNNTGTATCGT,3,COI
PCR7,PCR7_S2_L001_R1_001.fastq.gz,PCR7_S2_L001_R2_001.fastq.gz,21F109B_rep3,Porcupine24,Nicaragua,eDNA,GGWACWGGWTGAACWGTWTAYCCYCC,TANACYTCNGGRTGNCCRAARAAYCA,NNTAGCGATA,2,COI
PCR7,PCR7_S2_L001_R1_001.fastq.gz,PCR7_S2_L001_R2_001.fastq.gz,21F110A_rep1,Porcupine24,Nicaragua,eDNA,GGWACWGGWTGAACWGTWTAYCCYCC,TANACYTCNGGRTGNCCRAARAAYCA,NNNNACATCAGT,4,COI
PCR7,PCR7_S2_L001_R1_001.fastq.gz,PCR7_S2_L001_R2_001.fastq.gz,21F110A_rep2,Porcupine24,Nicaragua,eDNA,GGWACWGGWTGAACWGTWTAYCCYCC,TANACYTCNGGRTGNCCRAARAAYCA,NNNGTGTGAGC,3,COI
PCR7,PCR7_S2_L001_R1_001.fastq.gz,PCR7_S2_L001_R2_001.fastq.gz,21F110A_rep3,Porcupine24,Nicaragua,eDNA,GGWACWGGWTGAACWGTWTAYCCYCC,TANACYTCNGGRTGNCCRAARAAYCA,NNTGTCAGTA,2,COI
PCR7,PCR7_S2_L001_R1_001.fastq.gz,PCR7_S2_L001_R2_001.fastq.gz,21F111A_rep1,Porcupine24,Nicaragua,eDNA,GGWACWGGWTGAACWGTWTAYCCYCC,TANACYTCNGGRTGNCCRAARAAYCA,NNNNTACAGTAC,4,COI
PCR7,PCR7_S2_L001_R1_001.fastq.gz,PCR7_S2_L001_R2_001.fastq.gz,21F111A_rep2,Porcupine24,Nicaragua,eDNA,GGWACWGGWTGAACWGTWTAYCCYCC,TANACYTCNGGRTGNCCRAARAAYCA,NNNACGACTGA,3,COI
PCR7,PCR7_S2_L001_R1_001.fastq.gz,PCR7_S2_L001_R2_001.fastq.gz,21F111A_rep3,Porcupine24,Nicaragua,eDNA,GGWACWGGWTGAACWGTWTAYCCYCC,TANACYTCNGGRTGNCCRAARAAYCA,NNAGTCGATA,2,COI
PCR7,PCR7_S2_L001_R1_001.fastq.gz,PCR7_S2_L001_R2_001.fastq.gz,21F112A_rep1,Porcupine24,Nicaragua,eDNA,GGWACWGGWTGAACWGTWTAYCCYCC,TANACYTCNGGRTGNCCRAARAAYCA,NNNNTCGTGCTC,4,COI
PCR7,PCR7_S2_L001_R1_001.fastq.gz,PCR7_S2_L001_R2_001.fastq.gz,21F112A_rep2,Porcupine24,Nicaragua,eDNA,GGWACWGGWTGAACWGTWTAYCCYCC,TANACYTCNGGRTGNCCRAARAAYCA,NNNGTACGCTG,3,COI
PCR7,PCR7_S2_L001_R1_001.fastq.gz,PCR7_S2_L001_R2_001.fastq.gz,21F112A_rep3,Porcupine24,Nicaragua,eDNA,GGWACWGGWTGAACWGTWTAYCCYCC,TANACYTCNGGRTGNCCRAARAAYCA,NNACACGCGA,2,COI
PCR7,PCR7_S2_L001_R1_001.fastq.gz,PCR7_S2_L001_R2_001.fastq.gz,21F112B_rep1,Porcupine24,Nicaragua,eDNA,GGWACWGGWTGAACWGTWTAYCCYCC,TANACYTCNGGRTGNCCRAARAAYCA,NNNNACACTCTG,4,COI
PCR7,PCR7_S2_L001_R1_001.fastq.gz,PCR7_S2_L001_R2_001.fastq.gz,21F112B_rep2,Porcupine24,Nicaragua,eDNA,GGWACWGGWTGAACWGTWTAYCCYCC,TANACYTCNGGRTGNCCRAARAAYCA,NNNACACTGAT,3,COI
PCR7,PCR7_S2_L001_R1_001.fastq.gz,PCR7_S2_L001_R2_001.fastq.gz,21F112B_rep3,Porcupine24,Nicaragua,eDNA,GGWACWGGWTGAACWGTWTAYCCYCC,TANACYTCNGGRTGNCCRAARAAYCA,NNAGCTAGCA,2,COI
PCR7,PCR7_S2_L001_R1_001.fastq.gz,PCR7_S2_L001_R2_001.fastq.gz,21F114A_rep1,Porcupine24,Nicaragua,eDNA,GGWACWGGWTGAACWGTWTAYCCYCC,TANACYTCNGGRTGNCCRAARAAYCA,NNNNGACACTGA,4,COI
PCR7,PCR7_S2_L001_R1_001.fastq.gz,PCR7_S2_L001_R2_001.fastq.gz,21F114A_rep2,Porcupine24,Nicaragua,eDNA,GGWACWGGWTGAACWGTWTAYCCYCC,TANACYTCNGGRTGNCCRAARAAYCA,NNNAGATCTCT,3,COI
PCR7,PCR7_S2_L001_R1_001.fastq.gz,PCR7_S2_L001_R2_001.fastq.gz,21F114A_rep3,Porcupine24,Nicaragua,eDNA,GGWACWGGWTGAACWGTWTAYCCYCC,TANACYTCNGGRTGNCCRAARAAYCA,NNTGTACTAT,2,COI
PCR7,PCR7_S2_L001_R1_001.fastq.gz,PCR7_S2_L001_R2_001.fastq.gz,21F114B_rep1,Porcupine24,Nicaragua,eDNA,GGWACWGGWTGAACWGTWTAYCCYCC,TANACYTCNGGRTGNCCRAARAAYCA,NNNNGACAGTCT,4,COI
PCR7,PCR7_S2_L001_R1_001.fastq.gz,PCR7_S2_L001_R2_001.fastq.gz,21F114B_rep2,Porcupine24,Nicaragua,eDNA,GGWACWGGWTGAACWGTWTAYCCYCC,TANACYTCNGGRTGNCCRAARAAYCA,NNNGTGTAGCA,3,COI
PCR7,PCR7_S2_L001_R1_001.fastq.gz,PCR7_S2_L001_R2_001.fastq.gz,21F114B_rep3,Porcupine24,Nicaragua,eDNA,GGWACWGGWTGAACWGTWTAYCCYCC,TANACYTCNGGRTGNCCRAARAAYCA,NNGCGCGCGC,2,COI
