Sample,locus,inputF,filtered.F,inputR,filtered.R,dadaF1s,dadaF2s,dadaR1s,dadaR2s,mergersF,mergersR,joined,nochim,fastq_header,Fwd.R1,Fwd.R2,Rev.R1,Rev.R2,filtF1s,filtF2s,filtR1s,filtR2s
V047_rep3,COI,33717,31182,26712,25065,30805,30892,24609,24728,27839,22531,50370,46577,NA,NA,NA,NA,NA,NA,NA,NA,NA
V016_rep3,COI,22995,21425,20406,19246,21035,21173,18784,18978,4963,4342,9305,9282,NA,NA,NA,NA,NA,NA,NA,NA,NA
V095_rep3,COI,74323,67570,54495,50560,66183,66777,49191,49795,45529,33627,79156,77902,NA,NA,NA,NA,NA,NA,NA,NA,NA
V020_rep3,COI,34205,32194,30110,28533,31208,31491,27571,27826,24991,22167,47158,41758,NA,NA,NA,NA,NA,NA,NA,NA,NA
V089_rep3,COI,26917,25367,22960,21756,24363,24599,20917,21086,17145,14859,32004,31445,NA,NA,NA,NA,NA,NA,NA,NA,NA
V016_rep2,COI,21555,19870,18868,17605,19065,19179,16868,16958,6155,5442,11597,11552,NA,NA,NA,NA,NA,NA,NA,NA,NA
V089_rep2,COI,40237,38066,32033,30441,36961,37253,29478,29753,21195,17782,38977,38494,NA,NA,NA,NA,NA,NA,NA,NA,NA
V047_rep2,COI,36289,34631,20463,19626,32851,34026,18814,19061,29234,16832,46066,43825,NA,NA,NA,NA,NA,NA,NA,NA,NA
V095_rep2,COI,44003,41656,37351,35505,41272,41378,35091,35213,28219,24172,52391,52097,NA,NA,NA,NA,NA,NA,NA,NA,NA
V020_rep2,COI,128103,121485,96961,93495,117275,119297,90162,91301,55455,42085,97540,89325,NA,NA,NA,NA,NA,NA,NA,NA,NA
V019_rep2,COI,58556,55220,46354,44176,52835,53532,41996,42498,8023,6430,14453,14389,NA,NA,NA,NA,NA,NA,NA,NA,NA
V073_rep2,COI,45587,42260,34308,31690,41309,41614,30672,31132,27819,20758,48577,46703,NA,NA,NA,NA,NA,NA,NA,NA,NA
V016_rep1,COI,29947,27972,22951,21661,27689,27721,21244,21365,5915,4320,10235,10201,NA,NA,NA,NA,NA,NA,NA,NA,NA
V019_rep1,COI,18993,17607,16584,15545,17143,17251,15051,15224,1528,1316,2844,2829,NA,NA,NA,NA,NA,NA,NA,NA,NA
V037_rep1,COI,26794,25333,23118,21996,24500,24836,21215,21470,15703,13579,29282,28390,NA,NA,NA,NA,NA,NA,NA,NA,NA
V089_rep1,COI,26566,25192,19789,18773,24594,24834,18242,18434,15967,11963,27930,27452,NA,NA,NA,NA,NA,NA,NA,NA,NA
V047_rep1,COI,27010,25749,23828,22746,25073,25313,22075,22295,21812,19324,41136,36595,NA,NA,NA,NA,NA,NA,NA,NA,NA
V020_rep1,COI,39518,37776,24019,22991,36447,37154,22254,22530,31647,19273,50920,46556,NA,NA,NA,NA,NA,NA,NA,NA,NA
V073_rep1,COI,35540,33611,30329,28873,33123,33228,28381,28535,25088,21598,46686,46413,NA,NA,NA,NA,NA,NA,NA,NA,NA
V095_rep1,COI,31609,30093,23494,22331,29709,29827,21935,22034,18099,13526,31625,31383,NA,NA,NA,NA,NA,NA,NA,NA,NA
V037_rep2,COI,40551,38610,31258,30100,38181,38301,29605,29828,28231,22057,50288,48177,NA,NA,NA,NA,NA,NA,NA,NA,NA
V019_rep3,COI,28211,26352,24551,23266,26073,26162,23013,23063,6027,5277,11304,11297,NA,NA,NA,NA,NA,NA,NA,NA,NA
V037_rep3,COI,85440,80369,69156,66517,78913,79403,65105,65599,46955,38535,85490,77905,NA,NA,NA,NA,NA,NA,NA,NA,NA
V073_rep3,COI,50601,47426,37166,35232,46582,46939,34380,34619,32624,24323,56947,55190,NA,NA,NA,NA,NA,NA,NA,NA,NA
SA64-6FSA_rep3,COI,32899,31651,23187,22234,31586,31497,22191,22193,31422,22089,53511,53355,NA,NA,NA,NA,NA,NA,NA,NA,NA
SA64-6FSA_rep2,COI,96813,92365,82506,78678,91762,92242,78435,78551,91475,78216,169691,166804,NA,NA,NA,NA,NA,NA,NA,NA,NA
SA64-5FSA_rep2,COI,15972,15394,11532,11032,15360,15365,10989,10998,15347,10978,26325,26322,NA,NA,NA,NA,NA,NA,NA,NA,NA
SA64-4FSA_rep2,COI,59736,57143,51852,49683,56546,56887,49033,49447,55796,48358,104154,104013,NA,NA,NA,NA,NA,NA,NA,NA,NA
SA64-4FSA_rep1,COI,18376,17579,16725,16059,17506,17534,16003,16012,17445,15959,33404,33398,NA,NA,NA,NA,NA,NA,NA,NA,NA
SA64-1FSA_rep1,COI,37335,35522,31889,30251,35123,35418,29863,30125,34993,29766,64759,64168,NA,NA,NA,NA,NA,NA,NA,NA,NA
SA64-3FSA_rep1,COI,52923,50738,48480,46224,50561,50672,46079,46114,50430,45848,96278,96146,NA,NA,NA,NA,NA,NA,NA,NA,NA
SA64-5FSA_rep1,COI,20455,19588,18985,18104,19518,19542,18039,18057,19484,17996,37480,37473,NA,NA,NA,NA,NA,NA,NA,NA,NA
SA64-2FSA_rep1,COI,33910,32493,26639,25485,32323,32432,25390,25436,32260,25266,57526,57502,NA,NA,NA,NA,NA,NA,NA,NA,NA
SA64-1FSA_rep2,COI,55690,53443,50919,48795,53141,53345,48625,48632,52921,47753,100674,99814,NA,NA,NA,NA,NA,NA,NA,NA,NA
SA64-3FSA_rep2,COI,31449,30146,26026,25088,30064,30105,25012,25042,29937,24964,54901,54853,NA,NA,NA,NA,NA,NA,NA,NA,NA
SA64-3FSA_rep3,COI,36674,35317,24641,23794,35104,35164,23626,23658,34982,23539,58521,58515,NA,NA,NA,NA,NA,NA,NA,NA,NA
SA64-5FSA_rep3,COI,57390,54933,51071,48547,54839,54689,48414,48494,54554,48212,102766,102648,NA,NA,NA,NA,NA,NA,NA,NA,NA
SA64-1FSA_rep3,COI,25198,24316,15984,15417,24281,24291,15386,15383,24221,15345,39566,39087,NA,NA,NA,NA,NA,NA,NA,NA,NA
SA64-2FSA_rep3,COI,34337,32950,29202,28094,32861,32931,28004,28031,32767,27955,60722,60713,NA,NA,NA,NA,NA,NA,NA,NA,NA
SA64-4FSA_rep3,COI,40681,39025,31949,30769,38792,38894,30504,30684,38534,30393,68927,68884,NA,NA,NA,NA,NA,NA,NA,NA,NA
21F112A_rep3,COI,85337,80041,42144,40088,79067,79330,39249,39538,62320,30780,93100,90956,NA,NA,NA,NA,NA,NA,NA,NA,NA
Xi_rep3,COI,48548,44207,23089,21501,42882,43158,20531,20685,35416,16846,52262,52085,NA,NA,NA,NA,NA,NA,NA,NA,NA
21F112B_rep3,COI,56982,54135,31698,30466,53372,53662,30011,30018,47004,25994,72998,67290,NA,NA,NA,NA,NA,NA,NA,NA,NA
Ni5_rep3,COI,56731,53144,25643,24280,51138,51458,22547,22946,37493,16627,54120,53715,NA,NA,NA,NA,NA,NA,NA,NA,NA
21F105A_rep3,COI,81012,75520,47867,45700,75232,75316,45450,45547,39882,23182,63064,62454,NA,NA,NA,NA,NA,NA,NA,NA,NA
21F111A_rep3,COI,29391,26426,10305,9234,26040,26243,8852,8954,12177,4161,16338,16224,NA,NA,NA,NA,NA,NA,NA,NA,NA
21F103B_rep3,COI,46492,43740,30309,28850,43392,43474,28513,28613,34735,22458,57193,55428,NA,NA,NA,NA,NA,NA,NA,NA,NA
AL6_rep3,COI,43700,41171,22224,21207,40285,40528,20565,20623,34956,17813,52769,52739,NA,NA,NA,NA,NA,NA,NA,NA,NA
A2_rep3,COI,33424,31077,20264,19028,29253,29639,17575,17854,23413,13915,37328,36418,NA,NA,NA,NA,NA,NA,NA,NA,NA
21F114B_rep3,COI,16207,15085,10189,9586,14960,15001,9472,9494,11526,7334,18860,18845,NA,NA,NA,NA,NA,NA,NA,NA,NA
21F107B_rep2,COI,28848,27202,17603,16680,26873,26944,16340,16386,24492,14892,39384,39192,NA,NA,NA,NA,NA,NA,NA,NA,NA
2F101A_rep2,COI,122113,114763,73904,70256,106621,108854,63550,65010,66459,38368,104827,102660,NA,NA,NA,NA,NA,NA,NA,NA,NA
21F112B_rep2,COI,54630,51758,32291,30789,51067,51335,30357,30438,44239,25970,70209,65314,NA,NA,NA,NA,NA,NA,NA,NA,NA
21F109A_rep2,COI,33684,32172,21236,20405,32000,31987,20290,20287,24553,15749,40302,40274,NA,NA,NA,NA,NA,NA,NA,NA,NA
A2_rep2,COI,39672,37268,22309,21061,35454,35804,19728,19859,29881,16411,46292,45783,NA,NA,NA,NA,NA,NA,NA,NA,NA
21F111A_rep2,COI,28577,26790,12997,12369,26630,26664,12260,12281,9226,4278,13504,13437,NA,NA,NA,NA,NA,NA,NA,NA,NA
21F114A_rep2,COI,71024,67715,41105,39372,67334,67448,38821,39135,53255,30360,83615,82869,NA,NA,NA,NA,NA,NA,NA,NA,NA
AL6_rep2,COI,44766,41720,16367,15045,40066,40577,13948,14076,32335,11244,43579,43371,NA,NA,NA,NA,NA,NA,NA,NA,NA
Xi_rep2,COI,52109,49541,13457,12855,48524,48805,12240,12310,42767,10839,53606,53329,NA,NA,NA,NA,NA,NA,NA,NA,NA
Ni5_rep2,COI,49294,46199,30308,28530,43680,44249,26416,26695,32909,19961,52870,52632,NA,NA,NA,NA,NA,NA,NA,NA,NA
21F105A_rep2,COI,52858,50214,26111,25028,49958,50065,24779,24894,34174,16720,50894,50365,NA,NA,NA,NA,NA,NA,NA,NA,NA
21F112A_rep2,COI,51527,48684,35024,33289,48137,48182,32752,32897,38280,25860,64140,63511,NA,NA,NA,NA,NA,NA,NA,NA,NA
21F103B_rep2,COI,34314,32649,15092,14420,32400,32458,14242,14270,25521,11009,36530,35477,NA,NA,NA,NA,NA,NA,NA,NA,NA
21F108A_rep2,COI,52806,50087,35584,33775,49777,49878,33458,33580,28720,18746,47466,46837,NA,NA,NA,NA,NA,NA,NA,NA,NA
21F114B_rep2,COI,19413,18386,9548,9115,18235,18262,8993,9002,15656,7748,23404,23392,NA,NA,NA,NA,NA,NA,NA,NA,NA
Ma2s_rep2,COI,75436,69828,35621,32787,67513,68134,31129,31470,56973,26213,83186,81900,NA,NA,NA,NA,NA,NA,NA,NA,NA
21F110A_rep2,COI,33866,32347,21496,20606,32226,32247,20501,20515,30363,19416,49779,49724,NA,NA,NA,NA,NA,NA,NA,NA,NA
21F107B_rep1,COI,22208,21012,11429,10830,20802,20856,10633,10637,18892,9156,28048,27914,NA,NA,NA,NA,NA,NA,NA,NA,NA
21F112B_rep1,COI,25821,24540,14527,13776,24253,24329,13540,13535,21199,11685,32884,32411,NA,NA,NA,NA,NA,NA,NA,NA,NA
21F110A_rep1,COI,5003,4764,3060,2904,4701,4720,2867,2865,4174,2561,6735,6735,NA,NA,NA,NA,NA,NA,NA,NA,NA
21F105A_rep1,COI,72842,68041,40704,38604,67727,67775,38317,38420,44875,24587,69462,68884,NA,NA,NA,NA,NA,NA,NA,NA,NA
21F108B_rep1,COI,52358,49087,29048,27474,48800,48845,27186,27311,40558,22532,63090,62262,NA,NA,NA,NA,NA,NA,NA,NA,NA
21F114A_rep1,COI,40218,37947,19678,18639,37541,37703,18348,18421,29673,14310,43983,43285,NA,NA,NA,NA,NA,NA,NA,NA,NA
21F114B_rep1,COI,20459,19313,12395,11620,19148,19211,11490,11497,14890,8915,23805,23713,NA,NA,NA,NA,NA,NA,NA,NA,NA
21F103B_rep1,COI,15943,15148,8163,7763,14995,15013,7650,7666,12621,6364,18985,18906,NA,NA,NA,NA,NA,NA,NA,NA,NA
AL6_rep1,COI,35518,33239,21508,20232,31865,32158,19248,19263,27742,16582,44324,44290,NA,NA,NA,NA,NA,NA,NA,NA,NA
2F101A_rep1,COI,57772,54695,25811,24216,54222,54299,23811,23935,39706,17264,56970,56315,NA,NA,NA,NA,NA,NA,NA,NA,NA
A2_rep1,COI,61916,58279,26601,25161,55228,55898,23131,23437,44428,18397,62825,61045,NA,NA,NA,NA,NA,NA,NA,NA,NA
Xi_rep1,COI,26454,25124,15956,15088,24000,24244,14183,14322,19819,11629,31448,31343,NA,NA,NA,NA,NA,NA,NA,NA,NA
21F109B_rep1,COI,64302,61455,40533,38613,61212,61285,38384,38433,53874,33801,87675,86576,NA,NA,NA,NA,NA,NA,NA,NA,NA
21F111A_rep1,COI,14417,13118,5719,5040,12925,13012,4863,4924,7463,2788,10251,10217,NA,NA,NA,NA,NA,NA,NA,NA,NA
21F109A_rep1,COI,47747,45198,21527,20455,45081,45108,20375,20372,33387,15326,48713,48643,NA,NA,NA,NA,NA,NA,NA,NA,NA
Ma2s_rep1,COI,79294,74710,48617,45853,72641,73395,43837,44443,60216,36125,96341,95266,NA,NA,NA,NA,NA,NA,NA,NA,NA
21F112A_rep1,COI,124777,118260,59647,56619,117213,117615,55735,55997,95281,44573,139854,138286,NA,NA,NA,NA,NA,NA,NA,NA,NA
21F108A_rep1,COI,54220,50879,31440,29965,50597,50685,29717,29799,33353,18915,52268,51757,NA,NA,NA,NA,NA,NA,NA,NA,NA
Ni5_rep1,COI,25760,24328,11292,10678,22667,22898,9420,9645,15976,6674,22650,22515,NA,NA,NA,NA,NA,NA,NA,NA,NA
21F108B_rep2,COI,81974,77985,58827,56267,77613,77708,55812,56010,63523,45539,109062,107165,NA,NA,NA,NA,NA,NA,NA,NA,NA
21F109B_rep2,COI,29701,28431,15487,14878,28328,28340,14809,14807,23901,12556,36457,36429,NA,NA,NA,NA,NA,NA,NA,NA,NA
21F109B_rep3,COI,61401,58346,20333,19540,58176,58235,19438,19450,45539,15540,61079,61036,NA,NA,NA,NA,NA,NA,NA,NA,NA
21F108B_rep3,COI,61653,58243,17434,16807,57961,58070,16605,16686,48670,13677,62347,61908,NA,NA,NA,NA,NA,NA,NA,NA,NA
2F101A_rep3,COI,76490,72515,37216,35616,72008,72214,35195,35344,52460,25370,77830,76263,NA,NA,NA,NA,NA,NA,NA,NA,NA
21F108A_rep3,COI,60923,57371,28353,27366,57118,57217,27135,27243,42663,19842,62505,61923,NA,NA,NA,NA,NA,NA,NA,NA,NA
21F107B_rep3,COI,42156,39910,21021,20118,39658,39719,19869,19872,33683,16746,50429,50159,NA,NA,NA,NA,NA,NA,NA,NA,NA
21F114A_rep3,COI,57147,53514,24750,23702,53186,53240,23371,23488,42542,18583,61125,60502,NA,NA,NA,NA,NA,NA,NA,NA,NA
21F109A_rep3,COI,72706,69056,38104,36651,68811,68879,36404,36472,58235,31013,89248,88659,NA,NA,NA,NA,NA,NA,NA,NA,NA
Ma2s_rep3,COI,83052,77533,35646,33562,75649,76068,32020,32359,65021,27307,92328,91351,NA,NA,NA,NA,NA,NA,NA,NA,NA
21F110A_rep3,COI,29218,27995,12913,12428,27908,27933,12376,12376,27351,12112,39463,39446,NA,NA,NA,NA,NA,NA,NA,NA,NA
SA64-2FSA_rep2,COI,22,1,19,0,NA,NA,NA,NA,NA,NA,NA,NA,PCR6_NNNACAGCTAT,/home/meg/rgallego/Projects/Porcupine/pipeline_output/demultiplexed_20250207_1130/noprimers/PCR6_NNNACAGCTAT_Locus_COI_Fwd.R1.fastq,/home/meg/rgallego/Projects/Porcupine/pipeline_output/demultiplexed_20250207_1130/noprimers/PCR6_NNNACAGCTAT_Locus_COI_Fwd.R2.fastq,/home/meg/rgallego/Projects/Porcupine/pipeline_output/demultiplexed_20250207_1130/noprimers/PCR6_NNNACAGCTAT_Locus_COI_Rev.R1.fastq,/home/meg/rgallego/Projects/Porcupine/pipeline_output/demultiplexed_20250207_1130/noprimers/PCR6_NNNACAGCTAT_Locus_COI_Rev.R2.fastq,/home/meg/rgallego/Projects/Porcupine/pipeline_output/demultiplexed_20250211_1341//filtered/PCR6_NNNACAGCTAT_Locus_COI_Fwd.R1.fastq,/home/meg/rgallego/Projects/Porcupine/pipeline_output/demultiplexed_20250211_1341//filtered/PCR6_NNNACAGCTAT_Locus_COI_Fwd.R2.fastq,/home/meg/rgallego/Projects/Porcupine/pipeline_output/demultiplexed_20250211_1341//filtered/PCR6_NNNACAGCTAT_Locus_COI_Rev.R1.fastq,/home/meg/rgallego/Projects/Porcupine/pipeline_output/demultiplexed_20250211_1341//filtered/PCR6_NNNACAGCTAT_Locus_COI_Rev.R2.fastq
SA64-6FSA_rep1,COI,0,0,1,0,NA,NA,NA,NA,NA,NA,NA,NA,PCR6_NNNNTACAGTAC,/home/meg/rgallego/Projects/Porcupine/pipeline_output/demultiplexed_20250207_1130/noprimers/PCR6_NNNNTACAGTAC_Locus_COI_Fwd.R1.fastq,/home/meg/rgallego/Projects/Porcupine/pipeline_output/demultiplexed_20250207_1130/noprimers/PCR6_NNNNTACAGTAC_Locus_COI_Fwd.R2.fastq,/home/meg/rgallego/Projects/Porcupine/pipeline_output/demultiplexed_20250207_1130/noprimers/PCR6_NNNNTACAGTAC_Locus_COI_Rev.R1.fastq,/home/meg/rgallego/Projects/Porcupine/pipeline_output/demultiplexed_20250207_1130/noprimers/PCR6_NNNNTACAGTAC_Locus_COI_Rev.R2.fastq,/home/meg/rgallego/Projects/Porcupine/pipeline_output/demultiplexed_20250211_1341//filtered/PCR6_NNNNTACAGTAC_Locus_COI_Fwd.R1.fastq,/home/meg/rgallego/Projects/Porcupine/pipeline_output/demultiplexed_20250211_1341//filtered/PCR6_NNNNTACAGTAC_Locus_COI_Fwd.R2.fastq,/home/meg/rgallego/Projects/Porcupine/pipeline_output/demultiplexed_20250211_1341//filtered/PCR6_NNNNTACAGTAC_Locus_COI_Rev.R1.fastq,/home/meg/rgallego/Projects/Porcupine/pipeline_output/demultiplexed_20250211_1341//filtered/PCR6_NNNNTACAGTAC_Locus_COI_Rev.R2.fastq
ctrl+_rep7,COI,0,0,0,0,NA,NA,NA,NA,NA,NA,NA,NA,PCR7_NNACGAGCAT,/home/meg/rgallego/Projects/Porcupine/pipeline_output/demultiplexed_20250207_1130/noprimers/PCR7_NNACGAGCAT_Locus_COI_Fwd.R1.fastq,/home/meg/rgallego/Projects/Porcupine/pipeline_output/demultiplexed_20250207_1130/noprimers/PCR7_NNACGAGCAT_Locus_COI_Fwd.R2.fastq,/home/meg/rgallego/Projects/Porcupine/pipeline_output/demultiplexed_20250207_1130/noprimers/PCR7_NNACGAGCAT_Locus_COI_Rev.R1.fastq,/home/meg/rgallego/Projects/Porcupine/pipeline_output/demultiplexed_20250207_1130/noprimers/PCR7_NNACGAGCAT_Locus_COI_Rev.R2.fastq,/home/meg/rgallego/Projects/Porcupine/pipeline_output/demultiplexed_20250211_1341//filtered/PCR7_NNACGAGCAT_Locus_COI_Fwd.R1.fastq,/home/meg/rgallego/Projects/Porcupine/pipeline_output/demultiplexed_20250211_1341//filtered/PCR7_NNACGAGCAT_Locus_COI_Fwd.R2.fastq,/home/meg/rgallego/Projects/Porcupine/pipeline_output/demultiplexed_20250211_1341//filtered/PCR7_NNACGAGCAT_Locus_COI_Rev.R1.fastq,/home/meg/rgallego/Projects/Porcupine/pipeline_output/demultiplexed_20250211_1341//filtered/PCR7_NNACGAGCAT_Locus_COI_Rev.R2.fastq
21F103A_rep3,COI,2,1,0,0,NA,NA,NA,NA,NA,NA,NA,NA,PCR7_NNAGCTGACG,/home/meg/rgallego/Projects/Porcupine/pipeline_output/demultiplexed_20250207_1130/noprimers/PCR7_NNAGCTGACG_Locus_COI_Fwd.R1.fastq,/home/meg/rgallego/Projects/Porcupine/pipeline_output/demultiplexed_20250207_1130/noprimers/PCR7_NNAGCTGACG_Locus_COI_Fwd.R2.fastq,/home/meg/rgallego/Projects/Porcupine/pipeline_output/demultiplexed_20250207_1130/noprimers/PCR7_NNAGCTGACG_Locus_COI_Rev.R1.fastq,/home/meg/rgallego/Projects/Porcupine/pipeline_output/demultiplexed_20250207_1130/noprimers/PCR7_NNAGCTGACG_Locus_COI_Rev.R2.fastq,/home/meg/rgallego/Projects/Porcupine/pipeline_output/demultiplexed_20250211_1341//filtered/PCR7_NNAGCTGACG_Locus_COI_Fwd.R1.fastq,/home/meg/rgallego/Projects/Porcupine/pipeline_output/demultiplexed_20250211_1341//filtered/PCR7_NNAGCTGACG_Locus_COI_Fwd.R2.fastq,/home/meg/rgallego/Projects/Porcupine/pipeline_output/demultiplexed_20250211_1341//filtered/PCR7_NNAGCTGACG_Locus_COI_Rev.R1.fastq,/home/meg/rgallego/Projects/Porcupine/pipeline_output/demultiplexed_20250211_1341//filtered/PCR7_NNAGCTGACG_Locus_COI_Rev.R2.fastq
21F103A_rep2,COI,0,0,0,0,NA,NA,NA,NA,NA,NA,NA,NA,PCR7_NNNACAGCGTC,/home/meg/rgallego/Projects/Porcupine/pipeline_output/demultiplexed_20250207_1130/noprimers/PCR7_NNNACAGCGTC_Locus_COI_Fwd.R1.fastq,/home/meg/rgallego/Projects/Porcupine/pipeline_output/demultiplexed_20250207_1130/noprimers/PCR7_NNNACAGCGTC_Locus_COI_Fwd.R2.fastq,/home/meg/rgallego/Projects/Porcupine/pipeline_output/demultiplexed_20250207_1130/noprimers/PCR7_NNNACAGCGTC_Locus_COI_Rev.R1.fastq,/home/meg/rgallego/Projects/Porcupine/pipeline_output/demultiplexed_20250207_1130/noprimers/PCR7_NNNACAGCGTC_Locus_COI_Rev.R2.fastq,/home/meg/rgallego/Projects/Porcupine/pipeline_output/demultiplexed_20250211_1341//filtered/PCR7_NNNACAGCGTC_Locus_COI_Fwd.R1.fastq,/home/meg/rgallego/Projects/Porcupine/pipeline_output/demultiplexed_20250211_1341//filtered/PCR7_NNNACAGCGTC_Locus_COI_Fwd.R2.fastq,/home/meg/rgallego/Projects/Porcupine/pipeline_output/demultiplexed_20250211_1341//filtered/PCR7_NNNACAGCGTC_Locus_COI_Rev.R1.fastq,/home/meg/rgallego/Projects/Porcupine/pipeline_output/demultiplexed_20250211_1341//filtered/PCR7_NNNACAGCGTC_Locus_COI_Rev.R2.fastq
21F103A_rep1,COI,37,10,7,6,NA,NA,NA,NA,NA,NA,NA,NA,PCR7_NNNNGACAGCAG,/home/meg/rgallego/Projects/Porcupine/pipeline_output/demultiplexed_20250207_1130/noprimers/PCR7_NNNNGACAGCAG_Locus_COI_Fwd.R1.fastq,/home/meg/rgallego/Projects/Porcupine/pipeline_output/demultiplexed_20250207_1130/noprimers/PCR7_NNNNGACAGCAG_Locus_COI_Fwd.R2.fastq,/home/meg/rgallego/Projects/Porcupine/pipeline_output/demultiplexed_20250207_1130/noprimers/PCR7_NNNNGACAGCAG_Locus_COI_Rev.R1.fastq,/home/meg/rgallego/Projects/Porcupine/pipeline_output/demultiplexed_20250207_1130/noprimers/PCR7_NNNNGACAGCAG_Locus_COI_Rev.R2.fastq,/home/meg/rgallego/Projects/Porcupine/pipeline_output/demultiplexed_20250211_1341//filtered/PCR7_NNNNGACAGCAG_Locus_COI_Fwd.R1.fastq,/home/meg/rgallego/Projects/Porcupine/pipeline_output/demultiplexed_20250211_1341//filtered/PCR7_NNNNGACAGCAG_Locus_COI_Fwd.R2.fastq,/home/meg/rgallego/Projects/Porcupine/pipeline_output/demultiplexed_20250211_1341//filtered/PCR7_NNNNGACAGCAG_Locus_COI_Rev.R1.fastq,/home/meg/rgallego/Projects/Porcupine/pipeline_output/demultiplexed_20250211_1341//filtered/PCR7_NNNNGACAGCAG_Locus_COI_Rev.R2.fastq
