fastq_header,locus,step,nReads
PCR4_NNNNACACACAC,all_loci,demultiplexing,53214
PCR4_NNNACACAGCA,all_loci,demultiplexing,40700
PCR4_NNAGCGCTCG,all_loci,demultiplexing,43523
PCR4_NNNNATGTCTGC,all_loci,demultiplexing,36053
PCR4_NNNGTGCAGAC,all_loci,demultiplexing,105495
PCR4_NNTAGCAGTG,all_loci,demultiplexing,54160
PCR4_NNNNTCATATAC,all_loci,demultiplexing,63848
PCR4_NNNGCGTCAGA,all_loci,demultiplexing,225697
PCR4_NNGACACACG,all_loci,demultiplexing,64558
PCR4_NNNNGACAGAGC,all_loci,demultiplexing,50306
PCR4_NNNTCATCTGA,all_loci,demultiplexing,72088
PCR4_NNTGTAGACT,all_loci,demultiplexing,155274
PCR4_NNNNGTACTAGT,all_loci,demultiplexing,51153
PCR4_NNNGACATATA,all_loci,demultiplexing,56992
PCR4_NNACAGTCGT,all_loci,demultiplexing,60703
PCR4_NNNNTCGACTCT,all_loci,demultiplexing,66115
PCR4_NNNGTGTCGTC,all_loci,demultiplexing,80858
PCR4_NNTGTCACAC,all_loci,demultiplexing,88105
PCR4_NNNNGCGTATGT,all_loci,demultiplexing,47187
PCR4_NNNACGACACG,all_loci,demultiplexing,72728
PCR4_NNGACGCTAG,all_loci,demultiplexing,50060
PCR4_NNNNTGTCTATC,all_loci,demultiplexing,55458
PCR4_NNNGACGTCTG,all_loci,demultiplexing,81644
PCR4_NNAGTCAGAT,all_loci,demultiplexing,129456
PCR4_NNACAGTCGT,Locus_COI_Fwd,noprimer_,33717
PCR4_NNACAGTCGT,Locus_COI_Rev,noprimer_,26712
PCR4_NNAGCGCTCG,Locus_COI_Fwd,noprimer_,22995
PCR4_NNAGCGCTCG,Locus_COI_Rev,noprimer_,20406
PCR4_NNAGTCAGAT,Locus_COI_Fwd,noprimer_,74323
PCR4_NNAGTCAGAT,Locus_COI_Rev,noprimer_,54495
PCR4_NNGACACACG,Locus_COI_Fwd,noprimer_,34205
PCR4_NNGACACACG,Locus_COI_Rev,noprimer_,30110
PCR4_NNGACGCTAG,Locus_COI_Fwd,noprimer_,26917
PCR4_NNGACGCTAG,Locus_COI_Rev,noprimer_,22960
PCR4_NNNACACAGCA,Locus_COI_Fwd,noprimer_,21555
PCR4_NNNACACAGCA,Locus_COI_Rev,noprimer_,18868
PCR4_NNNACGACACG,Locus_COI_Fwd,noprimer_,40237
PCR4_NNNACGACACG,Locus_COI_Rev,noprimer_,32033
PCR4_NNNGACATATA,Locus_COI_Fwd,noprimer_,36289
PCR4_NNNGACATATA,Locus_COI_Rev,noprimer_,20463
PCR4_NNNGACGTCTG,Locus_COI_Fwd,noprimer_,44003
PCR4_NNNGACGTCTG,Locus_COI_Rev,noprimer_,37351
PCR4_NNNGCGTCAGA,Locus_COI_Fwd,noprimer_,128103
PCR4_NNNGCGTCAGA,Locus_COI_Rev,noprimer_,96961
PCR4_NNNGTGCAGAC,Locus_COI_Fwd,noprimer_,58556
PCR4_NNNGTGCAGAC,Locus_COI_Rev,noprimer_,46354
PCR4_NNNGTGTCGTC,Locus_COI_Fwd,noprimer_,45587
PCR4_NNNGTGTCGTC,Locus_COI_Rev,noprimer_,34308
PCR4_NNNNACACACAC,Locus_COI_Fwd,noprimer_,29947
PCR4_NNNNACACACAC,Locus_COI_Rev,noprimer_,22951
PCR4_NNNNATGTCTGC,Locus_COI_Fwd,noprimer_,18993
PCR4_NNNNATGTCTGC,Locus_COI_Rev,noprimer_,16584
PCR4_NNNNGACAGAGC,Locus_COI_Fwd,noprimer_,26794
PCR4_NNNNGACAGAGC,Locus_COI_Rev,noprimer_,23118
PCR4_NNNNGCGTATGT,Locus_COI_Fwd,noprimer_,26566
PCR4_NNNNGCGTATGT,Locus_COI_Rev,noprimer_,19789
PCR4_NNNNGTACTAGT,Locus_COI_Fwd,noprimer_,27010
PCR4_NNNNGTACTAGT,Locus_COI_Rev,noprimer_,23828
PCR4_NNNNTCATATAC,Locus_COI_Fwd,noprimer_,39518
PCR4_NNNNTCATATAC,Locus_COI_Rev,noprimer_,24019
PCR4_NNNNTCGACTCT,Locus_COI_Fwd,noprimer_,35540
PCR4_NNNNTCGACTCT,Locus_COI_Rev,noprimer_,30329
PCR4_NNNNTGTCTATC,Locus_COI_Fwd,noprimer_,31609
PCR4_NNNNTGTCTATC,Locus_COI_Rev,noprimer_,23494
PCR4_NNNTCATCTGA,Locus_COI_Fwd,noprimer_,40551
PCR4_NNNTCATCTGA,Locus_COI_Rev,noprimer_,31258
PCR4_NNTAGCAGTG,Locus_COI_Fwd,noprimer_,28211
PCR4_NNTAGCAGTG,Locus_COI_Rev,noprimer_,24551
PCR4_NNTGTAGACT,Locus_COI_Fwd,noprimer_,85440
PCR4_NNTGTAGACT,Locus_COI_Rev,noprimer_,69156
PCR4_NNTGTCACAC,Locus_COI_Fwd,noprimer_,50601
PCR4_NNTGTCACAC,Locus_COI_Rev,noprimer_,37166
PCR6_NNNNGACACGAC,all_loci,demultiplexing,69380
PCR6_NNNTGTACAGC,all_loci,demultiplexing,106800
PCR6_NNTCAGTATA,all_loci,demultiplexing,41298
PCR6_NNNNTCAGTCAC,all_loci,demultiplexing,60739
PCR6_NNNACAGCTAT,all_loci,demultiplexing,46
PCR6_NNTGTAGCTA,all_loci,demultiplexing,63695
PCR6_NNNNGTGTCACT,all_loci,demultiplexing,101575
PCR6_NNNTGTATCGT,all_loci,demultiplexing,57561
PCR6_NNTAGCGATA,all_loci,demultiplexing,61415
PCR6_NNNNACATCAGT,all_loci,demultiplexing,35185
PCR6_NNNGTGTGAGC,all_loci,demultiplexing,111991
PCR6_NNTGTCAGTA,all_loci,demultiplexing,72748
PCR6_NNNNTACACGCT,all_loci,demultiplexing,39511
PCR6_NNNAGTATGTC,all_loci,demultiplexing,27662
PCR6_NNTCAGCTCG,all_loci,demultiplexing,108583
PCR6_NNNNTACAGTAC,all_loci,demultiplexing,4
PCR6_NNNACGACTGA,all_loci,demultiplexing,179680
PCR6_NNAGTCGATA,all_loci,demultiplexing,56185
PCR6_NNAGTCGATA,Locus_COI_Fwd,noprimer_,32899
PCR6_NNAGTCGATA,Locus_COI_Rev,noprimer_,23187
PCR6_NNNACAGCTAT,Locus_COI_Fwd,noprimer_,22
PCR6_NNNACAGCTAT,Locus_COI_Rev,noprimer_,19
PCR6_NNNACGACTGA,Locus_COI_Fwd,noprimer_,96813
PCR6_NNNACGACTGA,Locus_COI_Rev,noprimer_,82506
PCR6_NNNAGTATGTC,Locus_COI_Fwd,noprimer_,15972
PCR6_NNNAGTATGTC,Locus_COI_Rev,noprimer_,11532
PCR6_NNNGTGTGAGC,Locus_COI_Fwd,noprimer_,59736
PCR6_NNNGTGTGAGC,Locus_COI_Rev,noprimer_,51852
PCR6_NNNNACATCAGT,Locus_COI_Fwd,noprimer_,18376
PCR6_NNNNACATCAGT,Locus_COI_Rev,noprimer_,16725
PCR6_NNNNGACACGAC,Locus_COI_Fwd,noprimer_,37335
PCR6_NNNNGACACGAC,Locus_COI_Rev,noprimer_,31889
PCR6_NNNNGTGTCACT,Locus_COI_Fwd,noprimer_,52923
PCR6_NNNNGTGTCACT,Locus_COI_Rev,noprimer_,48480
PCR6_NNNNTACACGCT,Locus_COI_Fwd,noprimer_,20455
PCR6_NNNNTACACGCT,Locus_COI_Rev,noprimer_,18985
PCR6_NNNNTACAGTAC,Locus_COI_Fwd,noprimer_,0
PCR6_NNNNTACAGTAC,Locus_COI_Rev,noprimer_,1
PCR6_NNNNTCAGTCAC,Locus_COI_Fwd,noprimer_,33910
PCR6_NNNNTCAGTCAC,Locus_COI_Rev,noprimer_,26639
PCR6_NNNTGTACAGC,Locus_COI_Fwd,noprimer_,55690
PCR6_NNNTGTACAGC,Locus_COI_Rev,noprimer_,50919
PCR6_NNNTGTATCGT,Locus_COI_Fwd,noprimer_,31449
PCR6_NNNTGTATCGT,Locus_COI_Rev,noprimer_,26026
PCR6_NNTAGCGATA,Locus_COI_Fwd,noprimer_,36674
PCR6_NNTAGCGATA,Locus_COI_Rev,noprimer_,24641
PCR6_NNTCAGCTCG,Locus_COI_Fwd,noprimer_,57390
PCR6_NNTCAGCTCG,Locus_COI_Rev,noprimer_,51071
PCR6_NNTCAGTATA,Locus_COI_Fwd,noprimer_,25198
PCR6_NNTCAGTATA,Locus_COI_Rev,noprimer_,15984
PCR6_NNTGTAGCTA,Locus_COI_Fwd,noprimer_,34337
PCR6_NNTGTAGCTA,Locus_COI_Rev,noprimer_,29202
PCR6_NNTGTCAGTA,Locus_COI_Fwd,noprimer_,40681
PCR6_NNTGTCAGTA,Locus_COI_Rev,noprimer_,31949
PCR7_NNACGAGCAT,all_loci,demultiplexing,0
PCR7_NNNNGTACTAGT,all_loci,demultiplexing,42594
PCR7_NNNGACATATA,all_loci,demultiplexing,65802
PCR7_NNACAGTCGT,all_loci,demultiplexing,71971
PCR7_NNNNTCGACTCT,all_loci,demultiplexing,128328
PCR7_NNNGTGTCGTC,all_loci,demultiplexing,111924
PCR7_NNTGTCACAC,all_loci,demultiplexing,119084
PCR7_NNNNGCGTATGT,all_loci,demultiplexing,89512
PCR7_NNNACGACACG,all_loci,demultiplexing,62210
PCR7_NNGACGCTAG,all_loci,demultiplexing,53934
PCR7_NNNNTGTCTATC,all_loci,demultiplexing,37474
PCR7_NNNGACGTCTG,all_loci,demultiplexing,79942
PCR7_NNAGTCAGAT,all_loci,demultiplexing,82771
PCR7_NNNNGCGACGTG,all_loci,demultiplexing,58405
PCR7_NNNAGCGAGTC,all_loci,demultiplexing,61534
PCR7_NNATGTCGAG,all_loci,demultiplexing,66104
PCR7_NNNNGCGAGTAG,all_loci,demultiplexing,84037
PCR7_NNNACACTAGC,all_loci,demultiplexing,196770
PCR7_NNTCATACGT,all_loci,demultiplexing,114028
PCR7_NNNNGACAGCAG,all_loci,demultiplexing,258
PCR7_NNNACAGCGTC,all_loci,demultiplexing,0
PCR7_NNAGCTGACG,all_loci,demultiplexing,2
PCR7_NNNNGACATCGT,all_loci,demultiplexing,24176
PCR7_NNNGTGCACTA,all_loci,demultiplexing,49575
PCR7_NNATCGCAGT,all_loci,demultiplexing,77037
PCR7_NNNNACGACGAC,all_loci,demultiplexing,114083
PCR7_NNNGACTACGA,all_loci,demultiplexing,79167
PCR7_NNAGTCATCG,all_loci,demultiplexing,129263
PCR7_NNNNACACATGT,all_loci,demultiplexing,33737
PCR7_NNNACACGACG,all_loci,demultiplexing,46589
PCR7_NNTGCTCGAT,all_loci,demultiplexing,63301
PCR7_NNNNTGCTGCAC,all_loci,demultiplexing,85991
PCR7_NNNGTGCGACG,all_loci,demultiplexing,88759
PCR7_NNTGCTCAGA,all_loci,demultiplexing,89436
PCR7_NNNNGACACGAC,all_loci,demultiplexing,81731
PCR7_NNNTGTACAGC,all_loci,demultiplexing,141182
PCR7_NNTCAGTATA,all_loci,demultiplexing,79344
PCR7_NNNNTCAGTCAC,all_loci,demultiplexing,69673
PCR7_NNNACAGCTAT,all_loci,demultiplexing,55145
PCR7_NNTGTAGCTA,all_loci,demultiplexing,111172
PCR7_NNNNGTGTCACT,all_loci,demultiplexing,105102
PCR7_NNNTGTATCGT,all_loci,demultiplexing,45295
PCR7_NNTAGCGATA,all_loci,demultiplexing,81943
PCR7_NNNNACATCAGT,all_loci,demultiplexing,8082
PCR7_NNNGTGTGAGC,all_loci,demultiplexing,55870
PCR7_NNTGTCAGTA,all_loci,demultiplexing,42245
PCR7_NNNNTACAGTAC,all_loci,demultiplexing,20308
PCR7_NNNACGACTGA,all_loci,demultiplexing,41772
PCR7_NNAGTCGATA,all_loci,demultiplexing,39907
PCR7_NNNNTCGTGCTC,all_loci,demultiplexing,184914
PCR7_NNNGTACGCTG,all_loci,demultiplexing,86784
PCR7_NNACACGCGA,all_loci,demultiplexing,127755
PCR7_NNNNACACTCTG,all_loci,demultiplexing,40463
PCR7_NNNACACTGAT,all_loci,demultiplexing,87192
PCR7_NNAGCTAGCA,all_loci,demultiplexing,88950
PCR7_NNNNGACACTGA,all_loci,demultiplexing,60162
PCR7_NNNAGATCTCT,all_loci,demultiplexing,112575
PCR7_NNTGTACTAT,all_loci,demultiplexing,82331
PCR7_NNNNGACAGTCT,all_loci,demultiplexing,33043
PCR7_NNNGTGTAGCA,all_loci,demultiplexing,29136
PCR7_NNGCGCGCGC,all_loci,demultiplexing,26538
PCR7_NNACACGCGA,Locus_COI_Fwd,noprimer_,85337
PCR7_NNACACGCGA,Locus_COI_Rev,noprimer_,42144
PCR7_NNACAGTCGT,Locus_COI_Fwd,noprimer_,48548
PCR7_NNACAGTCGT,Locus_COI_Rev,noprimer_,23089
iteration ,Error,Error,Error
PCR7_NNAGCTAGCA,Locus_COI_Fwd,noprimer_,56982
PCR7_NNAGCTAGCA,Locus_COI_Rev,noprimer_,31698
PCR7_NNAGCTGACG,Locus_COI_Fwd,noprimer_,2
PCR7_NNAGCTGACG,Locus_COI_Rev,noprimer_,0
PCR7_NNAGTCAGAT,Locus_COI_Fwd,noprimer_,56731
PCR7_NNAGTCAGAT,Locus_COI_Rev,noprimer_,25643
PCR7_NNAGTCATCG,Locus_COI_Fwd,noprimer_,81012
PCR7_NNAGTCATCG,Locus_COI_Rev,noprimer_,47867
PCR7_NNAGTCGATA,Locus_COI_Fwd,noprimer_,29391
PCR7_NNAGTCGATA,Locus_COI_Rev,noprimer_,10305
PCR7_NNATCGCAGT,Locus_COI_Fwd,noprimer_,46492
PCR7_NNATCGCAGT,Locus_COI_Rev,noprimer_,30309
PCR7_NNATGTCGAG,Locus_COI_Fwd,noprimer_,43700
PCR7_NNATGTCGAG,Locus_COI_Rev,noprimer_,22224
PCR7_NNGACGCTAG,Locus_COI_Fwd,noprimer_,33424
PCR7_NNGACGCTAG,Locus_COI_Rev,noprimer_,20264
PCR7_NNGCGCGCGC,Locus_COI_Fwd,noprimer_,16207
PCR7_NNGCGCGCGC,Locus_COI_Rev,noprimer_,10189
PCR7_NNNACACGACG,Locus_COI_Fwd,noprimer_,28848
PCR7_NNNACACGACG,Locus_COI_Rev,noprimer_,17603
PCR7_NNNACACTAGC,Locus_COI_Fwd,noprimer_,122113
PCR7_NNNACACTAGC,Locus_COI_Rev,noprimer_,73904
PCR7_NNNACACTGAT,Locus_COI_Fwd,noprimer_,54630
PCR7_NNNACACTGAT,Locus_COI_Rev,noprimer_,32291
iteration ,Error,Error,Error
PCR7_NNNACAGCTAT,Locus_COI_Fwd,noprimer_,33684
PCR7_NNNACAGCTAT,Locus_COI_Rev,noprimer_,21236
PCR7_NNNACGACACG,Locus_COI_Fwd,noprimer_,39672
PCR7_NNNACGACACG,Locus_COI_Rev,noprimer_,22309
PCR7_NNNACGACTGA,Locus_COI_Fwd,noprimer_,28577
PCR7_NNNACGACTGA,Locus_COI_Rev,noprimer_,12997
PCR7_NNNAGATCTCT,Locus_COI_Fwd,noprimer_,71024
PCR7_NNNAGATCTCT,Locus_COI_Rev,noprimer_,41105
PCR7_NNNAGCGAGTC,Locus_COI_Fwd,noprimer_,44766
PCR7_NNNAGCGAGTC,Locus_COI_Rev,noprimer_,16367
PCR7_NNNGACATATA,Locus_COI_Fwd,noprimer_,52109
PCR7_NNNGACATATA,Locus_COI_Rev,noprimer_,13457
PCR7_NNNGACGTCTG,Locus_COI_Fwd,noprimer_,49294
PCR7_NNNGACGTCTG,Locus_COI_Rev,noprimer_,30308
PCR7_NNNGACTACGA,Locus_COI_Fwd,noprimer_,52858
PCR7_NNNGACTACGA,Locus_COI_Rev,noprimer_,26111
PCR7_NNNGTACGCTG,Locus_COI_Fwd,noprimer_,51527
PCR7_NNNGTACGCTG,Locus_COI_Rev,noprimer_,35024
PCR7_NNNGTGCACTA,Locus_COI_Fwd,noprimer_,34314
PCR7_NNNGTGCACTA,Locus_COI_Rev,noprimer_,15092
PCR7_NNNGTGCGACG,Locus_COI_Fwd,noprimer_,52806
PCR7_NNNGTGCGACG,Locus_COI_Rev,noprimer_,35584
PCR7_NNNGTGTAGCA,Locus_COI_Fwd,noprimer_,19413
PCR7_NNNGTGTAGCA,Locus_COI_Rev,noprimer_,9548
PCR7_NNNGTGTCGTC,Locus_COI_Fwd,noprimer_,75436
PCR7_NNNGTGTCGTC,Locus_COI_Rev,noprimer_,35621
PCR7_NNNGTGTGAGC,Locus_COI_Fwd,noprimer_,33866
PCR7_NNNGTGTGAGC,Locus_COI_Rev,noprimer_,21496
PCR7_NNNNACACATGT,Locus_COI_Fwd,noprimer_,22208
PCR7_NNNNACACATGT,Locus_COI_Rev,noprimer_,11429
PCR7_NNNNACACTCTG,Locus_COI_Fwd,noprimer_,25821
PCR7_NNNNACACTCTG,Locus_COI_Rev,noprimer_,14527
PCR7_NNNNACATCAGT,Locus_COI_Fwd,noprimer_,5003
PCR7_NNNNACATCAGT,Locus_COI_Rev,noprimer_,3060
PCR7_NNNNACGACGAC,Locus_COI_Fwd,noprimer_,72842
PCR7_NNNNACGACGAC,Locus_COI_Rev,noprimer_,40704
PCR7_NNNNGACACGAC,Locus_COI_Fwd,noprimer_,52358
PCR7_NNNNGACACGAC,Locus_COI_Rev,noprimer_,29048
PCR7_NNNNGACACTGA,Locus_COI_Fwd,noprimer_,40218
PCR7_NNNNGACACTGA,Locus_COI_Rev,noprimer_,19678
PCR7_NNNNGACAGCAG,Locus_COI_Fwd,noprimer_,37
PCR7_NNNNGACAGCAG,Locus_COI_Rev,noprimer_,7
PCR7_NNNNGACAGTCT,Locus_COI_Fwd,noprimer_,20459
PCR7_NNNNGACAGTCT,Locus_COI_Rev,noprimer_,12395
PCR7_NNNNGACATCGT,Locus_COI_Fwd,noprimer_,15943
PCR7_NNNNGACATCGT,Locus_COI_Rev,noprimer_,8163
PCR7_NNNNGCGACGTG,Locus_COI_Fwd,noprimer_,35518
PCR7_NNNNGCGACGTG,Locus_COI_Rev,noprimer_,21508
PCR7_NNNNGCGAGTAG,Locus_COI_Fwd,noprimer_,57772
PCR7_NNNNGCGAGTAG,Locus_COI_Rev,noprimer_,25811
PCR7_NNNNGCGTATGT,Locus_COI_Fwd,noprimer_,61916
PCR7_NNNNGCGTATGT,Locus_COI_Rev,noprimer_,26601
PCR7_NNNNGTACTAGT,Locus_COI_Fwd,noprimer_,26454
PCR7_NNNNGTACTAGT,Locus_COI_Rev,noprimer_,15956
PCR7_NNNNGTGTCACT,Locus_COI_Fwd,noprimer_,64302
PCR7_NNNNGTGTCACT,Locus_COI_Rev,noprimer_,40533
PCR7_NNNNTACAGTAC,Locus_COI_Fwd,noprimer_,14417
PCR7_NNNNTACAGTAC,Locus_COI_Rev,noprimer_,5719
PCR7_NNNNTCAGTCAC,Locus_COI_Fwd,noprimer_,47747
PCR7_NNNNTCAGTCAC,Locus_COI_Rev,noprimer_,21527
PCR7_NNNNTCGACTCT,Locus_COI_Fwd,noprimer_,79294
PCR7_NNNNTCGACTCT,Locus_COI_Rev,noprimer_,48617
PCR7_NNNNTCGTGCTC,Locus_COI_Fwd,noprimer_,124777
PCR7_NNNNTCGTGCTC,Locus_COI_Rev,noprimer_,59647
PCR7_NNNNTGCTGCAC,Locus_COI_Fwd,noprimer_,54220
PCR7_NNNNTGCTGCAC,Locus_COI_Rev,noprimer_,31440
PCR7_NNNNTGTCTATC,Locus_COI_Fwd,noprimer_,25760
PCR7_NNNNTGTCTATC,Locus_COI_Rev,noprimer_,11292
PCR7_NNNTGTACAGC,Locus_COI_Fwd,noprimer_,81974
PCR7_NNNTGTACAGC,Locus_COI_Rev,noprimer_,58827
PCR7_NNNTGTATCGT,Locus_COI_Fwd,noprimer_,29701
PCR7_NNNTGTATCGT,Locus_COI_Rev,noprimer_,15487
PCR7_NNTAGCGATA,Locus_COI_Fwd,noprimer_,61401
PCR7_NNTAGCGATA,Locus_COI_Rev,noprimer_,20333
PCR7_NNTCAGTATA,Locus_COI_Fwd,noprimer_,61653
PCR7_NNTCAGTATA,Locus_COI_Rev,noprimer_,17434
PCR7_NNTCATACGT,Locus_COI_Fwd,noprimer_,76490
PCR7_NNTCATACGT,Locus_COI_Rev,noprimer_,37216
PCR7_NNTGCTCAGA,Locus_COI_Fwd,noprimer_,60923
PCR7_NNTGCTCAGA,Locus_COI_Rev,noprimer_,28353
PCR7_NNTGCTCGAT,Locus_COI_Fwd,noprimer_,42156
PCR7_NNTGCTCGAT,Locus_COI_Rev,noprimer_,21021
PCR7_NNTGTACTAT,Locus_COI_Fwd,noprimer_,57147
PCR7_NNTGTACTAT,Locus_COI_Rev,noprimer_,24750
PCR7_NNTGTAGCTA,Locus_COI_Fwd,noprimer_,72706
PCR7_NNTGTAGCTA,Locus_COI_Rev,noprimer_,38104
PCR7_NNTGTCACAC,Locus_COI_Fwd,noprimer_,83052
PCR7_NNTGTCACAC,Locus_COI_Rev,noprimer_,35646
PCR7_NNTGTCAGTA,Locus_COI_Fwd,noprimer_,29218
PCR7_NNTGTCAGTA,Locus_COI_Rev,noprimer_,12913
